1790328852	resense_vm_node	1.75%	70.45MiB / 15.61GiB
1790328855	resense_vm_node	1.18%	70.44MiB / 15.61GiB
1790328858	resense_vm_node	1.33%	70.56MiB / 15.61GiB
1790328861	resense_vm_node	13.76%	292MiB / 15.61GiB
1790328864	resense_vm_node	58.69%	389.4MiB / 15.61GiB
1790328867	resense_vm_node	66.96%	389.3MiB / 15.61GiB
1790328870	resense_vm_node	74.56%	390.7MiB / 15.61GiB
1790328874	resense_vm_node	65.22%	389.3MiB / 15.61GiB
1790328877	resense_vm_node	71.40%	389.4MiB / 15.61GiB
1790328880	resense_vm_node	72.25%	412.1MiB / 15.61GiB
1790328883	resense_vm_node	66.33%	412.2MiB / 15.61GiB
1790328886	resense_vm_node	1.34%	389.3MiB / 15.61GiB
1790328889	resense_vm_node	1.32%	389.3MiB / 15.61GiB
1790328892	resense_vm_node	1.24%	389.4MiB / 15.61GiB
1790328895	resense_vm_node	1.09%	389.4MiB / 15.61GiB
1790328898	resense_vm_node	71.11%	1.298GiB / 15.61GiB
1790328901	resense_vm_node	28.85%	1.298GiB / 15.61GiB
1790328904	resense_vm_node	28.38%	1.297GiB / 15.61GiB
1790328908	resense_vm_node	41.42%	1.313GiB / 15.61GiB
1790328911	resense_vm_node	17.02%	1.313GiB / 15.61GiB
1790328914	resense_vm_node	56.44%	1.313GiB / 15.61GiB
1790328917	resense_vm_node	1.32%	1.313GiB / 15.61GiB
1790328920	resense_vm_node	1.33%	1.313GiB / 15.61GiB
