1790332499	resense_ct_node	1.10%	71.37MiB / 15.61GiB
1790332501	resense_ct_listen	0.23%	37.44MiB / 15.61GiB
1790332501	resense_ct_echo	0.24%	37MiB / 15.61GiB
1790332501	resense_ct_node	1.70%	71.66MiB / 15.61GiB
1790332503	resense_ct_listen	0.27%	38.38MiB / 15.61GiB
1790332503	resense_ct_echo	0.25%	36.88MiB / 15.61GiB
1790332503	resense_ct_node	1.41%	71.54MiB / 15.61GiB
1790332505	resense_ct_listen	0.24%	38.57MiB / 15.61GiB
1790332505	resense_ct_echo	0.22%	37.02MiB / 15.61GiB
1790332505	resense_ct_node	1.19%	71.69MiB / 15.61GiB
1790332507	resense_ct_listen	0.20%	38.68MiB / 15.61GiB
1790332507	resense_ct_echo	0.23%	37.03MiB / 15.61GiB
1790332507	resense_ct_node	1.28%	71.69MiB / 15.61GiB
1790332509	resense_ct_listen	0.55%	38.57MiB / 15.61GiB
1790332509	resense_ct_echo	0.61%	37.04MiB / 15.61GiB
1790332509	resense_ct_node	54.88%	248.4MiB / 15.61GiB
1790332511	resense_ct_listen	0.79%	38.58MiB / 15.61GiB
1790332511	resense_ct_echo	0.78%	37.05MiB / 15.61GiB
1790332511	resense_ct_node	49.32%	202MiB / 15.61GiB
1790332513	resense_ct_listen	0.83%	38.59MiB / 15.61GiB
1790332513	resense_ct_echo	0.90%	37.3MiB / 15.61GiB
1790332513	resense_ct_node	49.34%	201.9MiB / 15.61GiB
1790332515	resense_ct_listen	0.84%	38.59MiB / 15.61GiB
1790332515	resense_ct_echo	0.87%	37.17MiB / 15.61GiB
1790332515	resense_ct_node	50.24%	209.6MiB / 15.61GiB
1790332517	resense_ct_listen	0.77%	38.59MiB / 15.61GiB
1790332517	resense_ct_echo	1.12%	37.11MiB / 15.61GiB
1790332517	resense_ct_node	55.29%	209.6MiB / 15.61GiB
1790332519	resense_ct_listen	0.82%	38.59MiB / 15.61GiB
1790332519	resense_ct_echo	0.88%	37.17MiB / 15.61GiB
1790332519	resense_ct_node	53.80%	209.6MiB / 15.61GiB
1790332521	resense_ct_listen	1.13%	38.59MiB / 15.61GiB
1790332521	resense_ct_echo	0.86%	37.18MiB / 15.61GiB
1790332521	resense_ct_node	54.55%	209.7MiB / 15.61GiB
1790332523	resense_ct_listen	0.76%	38.6MiB / 15.61GiB
1790332523	resense_ct_echo	0.88%	37.07MiB / 15.61GiB
1790332523	resense_ct_node	52.71%	209.7MiB / 15.61GiB
1790332525	resense_ct_listen	0.80%	38.6MiB / 15.61GiB
1790332525	resense_ct_echo	0.86%	37.1MiB / 15.61GiB
1790332525	resense_ct_node	50.79%	209.7MiB / 15.61GiB
1790332527	resense_ct_listen	0.84%	38.6MiB / 15.61GiB
1790332527	resense_ct_echo	0.88%	37.18MiB / 15.61GiB
1790332527	resense_ct_node	52.67%	209.7MiB / 15.61GiB
1790332529	resense_ct_listen	0.77%	38.6MiB / 15.61GiB
1790332529	resense_ct_echo	0.85%	37.08MiB / 15.61GiB
1790332529	resense_ct_node	47.72%	209.7MiB / 15.61GiB
1790332531	resense_ct_listen	0.77%	38.6MiB / 15.61GiB
1790332531	resense_ct_echo	0.75%	37.27MiB / 15.61GiB
1790332531	resense_ct_node	47.41%	209.7MiB / 15.61GiB
1790332533	resense_ct_listen	0.18%	38.63MiB / 15.61GiB
1790332533	resense_ct_echo	0.12%	37.08MiB / 15.61GiB
1790332533	resense_ct_node	1.40%	209.7MiB / 15.61GiB
1790332535	resense_ct_listen	0.20%	38.63MiB / 15.61GiB
1790332535	resense_ct_echo	0.19%	37.08MiB / 15.61GiB
1790332535	resense_ct_node	1.24%	209.7MiB / 15.61GiB
1790332537	resense_ct_listen	0.59%	38.64MiB / 15.61GiB
1790332537	resense_ct_echo	0.58%	37.09MiB / 15.61GiB
1790332537	resense_ct_node	1.60%	209.7MiB / 15.61GiB
1790332539	resense_ct_listen	0.26%	38.64MiB / 15.61GiB
1790332539	resense_ct_echo	0.22%	37.09MiB / 15.61GiB
1790332539	resense_ct_node	1.43%	209.7MiB / 15.61GiB
1790332541	resense_ct_listen	0.22%	38.64MiB / 15.61GiB
1790332541	resense_ct_echo	0.20%	37.09MiB / 15.61GiB
1790332541	resense_ct_node	1.26%	209.8MiB / 15.61GiB
1790332543	resense_ct_listen	0.10%	38.64MiB / 15.61GiB
1790332543	resense_ct_echo	0.08%	37.09MiB / 15.61GiB
1790332543	resense_ct_node	1.13%	209.7MiB / 15.61GiB
1790332545	resense_ct_listen	0.30%	38.64MiB / 15.61GiB
1790332545	resense_ct_echo	0.21%	37.09MiB / 15.61GiB
1790332545	resense_ct_node	18.75%	450.1MiB / 15.61GiB
1790332547	resense_ct_listen	0.76%	38.64MiB / 15.61GiB
1790332547	resense_ct_echo	0.81%	37.2MiB / 15.61GiB
1790332547	resense_ct_node	123.28%	1.087GiB / 15.61GiB
1790332549	resense_ct_listen	1.46%	38.64MiB / 15.61GiB
1790332549	resense_ct_echo	1.12%	37.15MiB / 15.61GiB
1790332549	resense_ct_node	99.70%	631.1MiB / 15.61GiB
1790332551	resense_ct_listen	1.14%	38.64MiB / 15.61GiB
1790332551	resense_ct_echo	0.89%	37.23MiB / 15.61GiB
1790332551	resense_ct_node	81.49%	631.2MiB / 15.61GiB
1790332553	resense_ct_listen	1.08%	38.64MiB / 15.61GiB
1790332553	resense_ct_echo	0.89%	37.14MiB / 15.61GiB
1790332553	resense_ct_node	79.85%	631.1MiB / 15.61GiB
1790332555	resense_ct_listen	0.80%	38.64MiB / 15.61GiB
1790332555	resense_ct_echo	1.00%	37.21MiB / 15.61GiB
1790332555	resense_ct_node	79.11%	631.1MiB / 15.61GiB
1790332557	resense_ct_listen	0.69%	38.64MiB / 15.61GiB
1790332557	resense_ct_echo	0.59%	37.11MiB / 15.61GiB
1790332557	resense_ct_node	56.57%	631.1MiB / 15.61GiB
1790332559	resense_ct_listen	0.84%	38.64MiB / 15.61GiB
1790332559	resense_ct_echo	0.80%	37.23MiB / 15.61GiB
1790332559	resense_ct_node	81.90%	631.1MiB / 15.61GiB
1790332561	resense_ct_listen	0.48%	38.82MiB / 15.61GiB
1790332561	resense_ct_echo	0.46%	37.11MiB / 15.61GiB
1790332561	resense_ct_node	14.36%	631.2MiB / 15.61GiB
1790332563	resense_ct_listen	0.25%	38.82MiB / 15.61GiB
1790332563	resense_ct_echo	0.25%	37.23MiB / 15.61GiB
1790332563	resense_ct_node	1.26%	631.2MiB / 15.61GiB
